hyperparam,pearson_with_val_avg
lr,-0.5102116235900885
dropout,-0.5102116235900885
batch_size,-0.5102116235900885
weight_decay,0.5102116235900885
