{
  "raw_only": {
    "t0": 0.23830402773726195,
    "t1": 0.07958992015433823,
    "avg": 0.1589469739458001
  },
  "derived_only": {
    "t0": 0.18923027754444968,
    "t1": 0.06493131644511455,
    "avg": 0.1270807969947821
  },
  "raw_plus_derived": {
    "t0": 0.2383038809120676,
    "t1": 0.07959107104618508,
    "avg": 0.15894747597912634
  }
}