{
  "warmup_steps": 99,
  "feature_order": [
    "p0",
    "p1",
    "p2",
    "p3",
    "p4",
    "p5",
    "p6",
    "p7",
    "p8",
    "p9",
    "p10",
    "p11",
    "v0",
    "v1",
    "v2",
    "v3",
    "v4",
    "v5",
    "v6",
    "v7",
    "v8",
    "v9",
    "v10",
    "v11",
    "dp0",
    "dp1",
    "dp2",
    "dp3",
    "dv0",
    "dv1",
    "dv2",
    "dv3"
  ],
  "scaler_mean": [
    1.4818423986434937,
    -1.2706117630004883,
    0.4231085479259491,
    0.8899121880531311,
    -0.149010568857193,
    -0.30293548107147217,
    1.5913431644439697,
    -0.6652719974517822,
    -0.017288101837038994,
    -1.2685987949371338,
    0.47717317938804626,
    -1.2673556804656982,
    0.7461957931518555,
    0.4812772870063782,
    -0.8497061133384705,
    1.0498944520950317,
    -0.49785375595092773,
    0.0258345827460289,
    0.19730821251869202,
    -0.48792749643325806,
    -0.538645327091217,
    -0.6900860667228699,
    -0.06190982833504677,
    0.7918822765350342,
    0.00783788412809372,
    -0.06617975980043411,
    0.09981498122215271,
    -0.04483667388558388,
    -0.2582162022590637,
    0.5384713411331177,
    0.10700216144323349,
    -0.35117825865745544,
    0.3806602358818054,
    0.5095539093017578,
    0.15711630880832672,
    0.1973937749862671,
    0.2739459276199341,
    0.23401956260204315,
    0.3670954406261444,
    0.23448877036571503,
    0.18748930096626282,
    0.4884849786758423,
    0.20211653411388397,
    0.4091031551361084,
    0.789630115032196,
    0.758706271648407,
    0.5153159499168396,
    0.5485305190086365,
    0.6003019213676453,
    0.6665456295013428,
    0.8079549670219421,
    0.5892195105552673,
    0.7358406186103821,
    0.5688098669052124,
    0.7330849766731262,
    0.6754048466682434,
    1.1591644287109375,
    0.9650906920433044,
    0.9212789535522461,
    0.9314129948616028,
    0.9740643501281738,
    0.8016776442527771,
    0.7859076857566833,
    1.0347990989685059,
    0.9220020771026611,
    -2.5406241416931152,
    0.04856069013476372,
    0.5874179005622864,
    -1.2577555179595947,
    -1.1504101753234863,
    1.014784336090088,
    -1.4766108989715576,
    -0.7087617516517639,
    -2.445709705352783,
    -0.20466649532318115,
    -2.327265501022339,
    -1.711382508277893,
    -1.4010305404663086,
    -2.089735269546509,
    -0.27918025851249695,
    -1.753989577293396,
    -1.6071999073028564,
    -1.8205912113189697,
    -1.821789264678955,
    -2.180250883102417,
    -1.8066803216934204,
    -1.7250971794128418,
    -1.113579511642456,
    -2.546492338180542,
    -2.184548854827881,
    -2.019545316696167,
    -2.190049171447754,
    -2.289989471435547,
    -1.5757734775543213,
    -1.8423019647598267,
    -2.4063498973846436,
    2.486964702606201,
    -0.14597128331661224,
    0.9011696577072144,
    1.5397779941558838,
    0.27457383275032043,
    0.19687360525131226,
    2.575230598449707,
    -0.38691002130508423,
    0.2906396985054016,
    -0.2539044916629791,
    1.0949511528015137,
    -0.42954662442207336,
    2.326503038406372,
    2.203390121459961,
    0.40099090337753296,
    2.2142486572265625,
    1.097923994064331,
    1.582513689994812,
    1.9367661476135254,
    1.0896791219711304,
    1.5919419527053833,
    1.0657471418380737,
    1.7041653394699097,
    2.1491334438323975,
    2.4751882553100586,
    2.253910541534424,
    1.9438979625701904,
    2.085968017578125,
    2.1046347618103027,
    2.328669309616089,
    1.9319270849227905,
    2.065420389175415
  ],
  "scaler_scale": [
    0.3485543131828308,
    0.30161234736442566,
    0.07456541806459427,
    0.1859407126903534,
    0.12389709800481796,
    0.12702178955078125,
    0.32437849044799805,
    0.2325688749551773,
    0.10229945927858353,
    0.2768177092075348,
    0.06855975836515427,
    0.2975609600543976,
    0.15332156419754028,
    0.193691223859787,
    0.33293822407722473,
    0.23146460950374603,
    0.31601035594940186,
    0.27521535754203796,
    0.2630435526371002,
    0.2673916220664978,
    0.28499525785446167,
    0.4129306674003601,
    0.2200317084789276,
    0.1533745676279068,
    0.09826105087995529,
    0.24872305989265442,
    0.36555391550064087,
    0.2593551576137543,
    0.1000746637582779,
    0.40174829959869385,
    0.16553272306919098,
    0.14668430387973785,
    0.13666079938411713,
    0.18830560147762299,
    0.10659100860357285,
    0.1777832955121994,
    0.18559163808822632,
    0.16856643557548523,
    0.12832790613174438,
    0.17784731090068817,
    0.1288950890302658,
    0.20634953677654266,
    0.16492724418640137,
    0.17582933604717255,
    0.29361286759376526,
    0.3043628931045532,
    0.1713685691356659,
    0.2575780153274536,
    0.262347936630249,
    0.2866586446762085,
    0.3313021957874298,
    0.24597333371639252,
    0.26379188895225525,
    0.23722417652606964,
    0.3085302412509918,
    0.30615341663360596,
    0.37472212314605713,
    0.2710660994052887,
    0.30165234208106995,
    0.3056504726409912,
    0.33710166811943054,
    0.2085212618112564,
    0.3108772039413452,
    0.37956660985946655,
    0.05281614884734154,
    0.468066930770874,
    0.3625599443912506,
    0.14878152310848236,
    0.8134397864341736,
    0.715409517288208,
    0.10079186409711838,
    0.7158628106117249,
    0.6369069218635559,
    0.4986567199230194,
    0.6823174357414246,
    0.5079931616783142,
    0.7204383611679077,
    0.6621980667114258,
    0.4895531237125397,
    0.7420634627342224,
    0.5406823754310608,
    0.651954174041748,
    0.6732372045516968,
    0.5320472121238708,
    0.49188557267189026,
    0.5262075662612915,
    0.5816961526870728,
    0.7778358459472656,
    0.5197352766990662,
    0.41928836703300476,
    0.5526614785194397,
    0.46691763401031494,
    0.515910267829895,
    0.4558596611022949,
    0.5169756412506104,
    0.5310125350952148,
    0.5153283476829529,
    0.33505216240882874,
    0.5181581377983093,
    0.6581213474273682,
    0.17363084852695465,
    0.15701499581336975,
    0.5055632591247559,
    0.039599254727363586,
    0.16024591028690338,
    0.30720803141593933,
    0.6287121176719666,
    0.25480717420578003,
    0.41910988092422485,
    0.46490931510925293,
    0.5130913853645325,
    0.46345725655555725,
    0.6936289668083191,
    0.5505440831184387,
    0.49240297079086304,
    0.7002291679382324,
    0.666207492351532,
    0.8028943538665771,
    0.5593566298484802,
    0.46083953976631165,
    0.48413997888565063,
    0.5002890825271606,
    0.4659234881401062,
    0.5569863319396973,
    0.529767632484436,
    0.5239328145980835,
    0.5523885488510132,
    0.5483531951904297
  ],