{
  "train_loss": [
    1.0688539322684794,
    1.0599954023080713,
    1.0563696657910067
  ],
  "val_scores": [
    {
      "t0": 0.3977833092212677,
      "t1": 0.1337251365184784,
      "avg": 0.26575422286987305
    },
    {
      "t0": 0.397873193025589,
      "t1": 0.13358567655086517,
      "avg": 0.2657294347882271
    },
    {
      "t0": 0.39793825149536133,
      "t1": 0.13307945430278778,
      "avg": 0.26550885289907455
    }
  ],
  "learning_rates": [
    5e-05,
    5e-05,
    2.5e-05
  ],
  "best_score": 0.26575422286987305,
  "best_epoch": 1,
  "seed": 42
}