{
  "train_loss": [
    1.0538350974812227,
    1.0547448186313404,
    1.055001066011541
  ],
  "val_scores": [
    {
      "t0": 0.4004096984863281,
      "t1": 0.13863027095794678,
      "avg": 0.26951998472213745
    },
    {
      "t0": 0.40055543184280396,
      "t1": 0.1376551240682602,
      "avg": 0.2691052779555321
    },
    {
      "t0": 0.4010217785835266,
      "t1": 0.13651996850967407,
      "avg": 0.26877087354660034
    }
  ],
  "learning_rates": [
    5e-05,
    5e-05,
    2.5e-05
  ],
  "best_score": 0.26951998472213745,
  "best_epoch": 1,
  "seed": 44
}