{
  "train_loss": [
    1.0578148505266975,
    1.0664628007832695,
    1.061871721464045
  ],
  "val_scores": [
    {
      "t0": 0.4012337327003479,
      "t1": 0.14312896132469177,
      "avg": 0.27218134701251984
    },
    {
      "t0": 0.3983786404132843,
      "t1": 0.1438898742198944,
      "avg": 0.27113425731658936
    },
    {
      "t0": 0.3988955318927765,
      "t1": 0.1427001804113388,
      "avg": 0.27079785615205765
    }
  ],
  "learning_rates": [
    5e-05,
    5e-05,
    2.5e-05
  ],
  "best_score": 0.27218134701251984,
  "best_epoch": 1,
  "seed": 43
}