split,target,mean,std,min,max,skew,kurtosis,q50_abs,q90_abs,q95_abs,q99_abs
train,t0,-0.1666661701140322,0.8425687962404155,-34.393781495173954,41.651433223139186,2.2401709582754292,23.47859838847065,0.47815764644250447,1.1953941161062611,1.619326892690813,2.9550142550146776
train,t1,-0.056591307150257876,1.1069468534702163,-55.65436232826503,31.623108671120104,-0.48300596634994636,35.472891003007526,0.48692386996108095,1.598640397939904,2.1894868296443253,3.9336435713998728
valid,t0,-0.2087977417465347,1.248167300998545,-43.990503472710415,39.29499538464502,1.953886529044714,23.4666642541217,0.5642260228021553,1.7596201389084163,2.4768566085721733,4.542497641203792
valid,t1,-0.05310819020025809,1.9660367495056836,-35.98614447126289,36.26546822972592,-0.33564863130435774,13.190025399549498,0.8280096577558064,2.9414664550316765,4.007758006598461,7.027722008588709
