target,lag,autocorr
t0,1,0.7149060716513378
t0,2,0.5953386600265107
t0,5,0.37910656299012563
t0,10,0.2134948254557652
t0,20,0.09161327159580968
t0,50,0.01513599300789988
t0,100,0.004806232068788376
t1,1,0.9757753444626672
t1,2,0.9527337720628855
t1,5,0.8781342783309963
t1,10,0.7512895493744816
t1,20,0.5136340604425674
t1,50,0.034076038059392876
t1,100,-0.0006561032965891305
