target,feature,pearson,spearman
t0,p0,-0.135584004916601,-0.17675348311471675
t0,p2,-0.10542850366222056,-0.12094437740002632
t0,p8,0.10222928324415989,0.14188818797843555
t0,v8,0.09717074753330725,0.12437743445227573
t0,p1,0.07019696177310036,0.1084797412677869
t1,v8,0.035606622003430816,0.04500508581633571
t1,v0,-0.030485689127432512,-0.03185169602179879
t1,v1,0.030274029262203905,0.03658826350363028
t1,dv3,0.029668705497960485,0.025821105725522403
t1,v2,-0.02660038032650286,-0.03207641906502493
